time_s,mass_g,thrust_n
0.0,-6.5969999999999995,0.0
0.08265948295593262,-6.92,0.0
0.1653461456298828,-7.058,0.0
0.25113463401794434,-7.0120000000000005,0.0
0.3309459686279297,-6.965999999999999,0.0
0.4144268035888672,-7.473,0.0
0.4964792728424072,-7.75,0.0
0.5790901184082031,-7.75,0.0
0.6657686233520508,-7.888,0.0
0.744575023651123,-8.027,0.0
0.8284139633178711,-8.534,0.0
0.9098544120788574,-8.58,0.0
0.9974269866943359,-8.534,0.0
1.0854897499084473,-8.765,0.0
1.1594715118408203,-9.225999999999999,0.0
1.240684986114502,-9.733,0.0
1.3233363628387451,-9.687,0.0
1.410733938217163,-10.424999999999999,0.0
1.4894459247589111,-10.841,0.0
1.5714976787567139,-11.209999999999999,0.0
1.6541244983673096,-11.994,0.0
1.7386913299560547,-12.87,0.0
1.8195757865905762,-13.838999999999999,0.0
1.9031262397766113,-14.485,0.0
1.985313892364502,-14.991999999999999,0.0
2.067805051803589,-15.546,0.0
2.1526036262512207,-15.731,0.0
2.233208656311035,-16.053,0.0
2.3192174434661865,-16.515,0.0
2.3986072540283203,-17.022000000000002,0.0
2.4812803268432617,-17.53,0.0
2.5665032863616943,-17.668,0.0
2.6474523544311523,-17.668,0.0
2.7341396808624268,-17.622,0.0
2.8120744228363037,-17.207,0.0
2.8966023921966553,-17.207,0.0
2.978835105895996,-17.207,0.0
3.0616626739501953,-17.253,0.0
3.1430017948150635,-17.437,0.0
3.225578546524048,-17.622,0.0
3.3101704120635986,-17.806,0.0
3.3933181762695312,-18.314,0.0
3.473716974258423,-18.729,0.0
3.5564074516296387,-19.098,0.0
3.6434059143066406,-19.928,0.0
3.7218527793884277,-20.39,0.0
3.8070054054260254,-20.482,0.0
3.8871777057647705,-20.666999999999998,0.0
3.969902753829956,-20.759,0.0
4.055534601211548,-20.436,0.0
4.135509729385376,-19.559,0.0
4.218159914016724,-18.914,0.0
4.3007354736328125,-18.083000000000002,0.0
4.387254238128662,-16.422,0.0
4.476278305053711,-15.039,0.0
4.55079197883606,-13.562,0.0
4.631324052810669,-11.902,0.0
4.714169502258301,-10.795,0.0
4.80344295501709,-9.641,0.0
4.889339923858643,-8.765,0.0
4.962261199951172,-8.442,0.0
5.044825553894043,-7.933999999999999,0.0
5.127561807632446,-7.381,0.0
5.212178468704224,-7.427,0.0
5.295611619949341,-7.981,0.0
5.375684976577759,-7.795999999999999,0.0
5.458382844924927,-7.519,0.0
5.54259991645813,-7.381,0.0
5.623865842819214,-7.381,0.0
5.711174726486206,-7.427,0.0
5.789155960083008,-7.427,0.0
5.871851444244385,-7.473,0.0
5.956125736236572,-7.242,0.0
6.037292957305908,-7.427,0.0
6.12440037727356,-7.473,0.0
6.202688217163086,-7.289,0.0
6.285457134246826,-7.103999999999999,0.0
6.370154619216919,-6.872999999999999,0.0
6.452436208724976,-6.55,0.0
6.53345513343811,-5.951,0.0
6.616160869598389,-5.351,0.0
6.700978755950928,-4.335999999999999,0.0
6.7910168170928955,-3.69,0.0
6.867276906967163,-3.4139999999999997,0.0
6.946849346160889,-3.1369999999999996,0.0
7.029445648193359,-2.814,0.0
7.1137402057647705,-2.3529999999999998,0.0
7.194820880889893,-1.891,0.0
7.28220796585083,-1.7069999999999999,0.0
7.36028528213501,-1.7069999999999999,0.0
7.444995403289795,-1.3379999999999996,0.0
7.535308122634888,-1.5679999999999996,0.0
7.610482692718506,-1.5679999999999996,0.0
7.691082715988159,-1.5679999999999996,0.0
7.773859262466431,-1.3379999999999996,0.0
7.8592071533203125,-1.153,0.0
7.939248561859131,-0.8299999999999996,0.0
8.021834135055542,-0.5529999999999999,0.0
8.104636907577515,0.4150000000000005,0.004069759750000005
8.1895751953125,1.4300000000000002,0.014023509500000001
8.272523641586304,2.214,0.0217119231
8.35268521308899,3.0450000000000004,0.029861249250000003
8.435349464416504,3.8750000000000004,0.038000768750000004
8.52103304862976,5.075000000000001,0.04976874875000001
8.603945970535278,6.32,0.061978028000000004
8.683647394180298,8.534,0.0836899511
8.766319513320923,10.333,0.10133211445
8.850939989089966,12.133,0.11898408444999999
8.93179965019226,14.254999999999999,0.13979379575
9.02233099937439,16.008,0.1569848532
9.097124576568604,17.853,0.17507812245
9.179864645004272,19.513,0.19135716145
9.268663883209229,21.451,0.21036244915000002
9.34558629989624,22.743000000000002,0.22303264095000003
9.427988529205322,24.265,0.23795836225
9.510737895965576,26.387,0.25876807355000003
9.594590425491333,28.048000000000002,0.2750569192
9.685846328735352,29.847,0.29269908255
9.76110029220581,31.877000000000002,0.31260658205
9.841524600982666,33.445,0.32798340925
9.92423415184021,34.875,0.34200691875
10.009587526321411,36.444,0.35739355260000005
10.090088367462158,37.32,0.365984178
10.172332286834717,38.243,0.37503571595
10.255021810531616,38.519,0.37774235135
10.33906865119934,39.165,0.38407744725
10.420448541641235,39.165,0.38407744725
10.507964134216309,39.165,0.38407744725
10.585826873779297,38.704,0.3795565816
10.67192816734314,38.335,0.37593792775
10.76095461845398,37.781,0.37050504365
10.837924003601074,37.781,0.37050504365
10.916662216186523,38.058,0.3732214857
10.999349594116211,38.473,0.37729124545
11.087243556976318,39.027,0.38272412955
11.165474891662598,40.272,0.3949334088
11.247458219528198,40.734,0.39946408110000003
11.330205917358398,41.426,0.40625028290000004
11.418175220489502,42.118,0.41303648470000004
11.497487306594849,42.948,0.4211760042
11.578305721282959,44.009,0.43158085985
11.661007165908813,45.439,0.44560436935000003
11.745227575302124,46.777,0.45872566705
11.836356401443481,47.838,0.4691305227
11.911688089370728,48.576,0.4763678304
11.99182653427124,49.222,0.4827029263
12.074645757675171,50.237,0.49265667605
12.159718036651611,51.482,0.5048659553
12.240861654281616,53.189,0.52160590685
12.322650909423828,55.219,0.54151340635
12.40536904335022,56.833,0.55734133945
12.488724946975708,58.217,0.57091374305
12.580456972122192,58.863,0.57724883895
12.654536485671997,59.186,0.5804163869
12.736119985580444,59.463,0.58313282895
12.818979501724243,59.694,0.5853981651
12.903225183486938,59.601,0.58448614665
12.986363887786865,59.509,0.58358393485
13.067015886306763,59.555,0.58403504075
13.149686336517334,59.324,0.5817697046
13.235033750534058,58.955,0.57815105075
13.315078496932983,58.356,0.5722768674
13.401152610778809,57.756,0.5663928774
13.480583667755127,57.11,0.5600577815
13.563165187835693,56.188,0.5510160502
13.648837804794312,55.496,0.5442298484
13.73116397857666,54.711,0.53653162815
13.811309337615967,53.604,0.5256756666
13.893974542617798,52.405,0.51391749325
13.9804208278656,51.205,0.50214951325
14.061082124710083,49.868,0.48903802220000003
14.142074584960938,48.484,0.47546561860000003
14.224808692932129,47.238,0.4632465327
14.310475826263428,46.316,0.4542048014
14.390853881835938,45.393,0.44515326345
14.473323345184326,44.701,0.43836706165
14.55564022064209,43.455,0.42614797574999996
14.640119552612305,42.21,0.41393869650000004
14.721038579940796,41.149,0.40353384085
14.807372093200684,40.134,0.39358009110000003
14.886520624160767,39.996,0.3922267734
14.969894409179688,39.996,0.3922267734
15.060494899749756,40.18,0.394031197
15.13628363609314,40.688,0.3990129752
15.217284679412842,41.287,0.40488715855
15.299951314926147,42.21,0.41393869650000004
15.385924577713013,44.839,0.43972037934999997
15.465896606445312,53.927,0.52884321455
15.548099756240845,75.332,0.7387545578
15.630973815917969,109.469,1.07352416885
15.715379238128662,153.293,1.5032907984500001
15.797382593154907,200.946,1.9706070909
15.879085063934326,241.126,2.3646382879
15.96182656288147,272.034,2.6677422261
16.047070741653442,293.90000000000003,2.8821744350000005
16.12880516052246,304.556,2.9866740974
16.209875106811523,307.97,3.0201540005000003
16.292576789855957,307.97,3.0201540005000003
16.376932621002197,305.663,2.9975300589500002
16.459100008010864,300.497,2.94686890505
16.540710926055908,298.19,2.9242449635
16.62342929840088,298.19,2.9242449635
16.708362102508545,302.711,2.9685808281500004
16.78885006904602,312.35200000000003,3.0631267408000005
16.872041702270508,325.961,3.1965854406500003
16.954257249832153,341.83,3.3522071694999998
17.03897261619568,357.053,3.50149380245
17.12903928756714,370.385,3.63223606025
17.20516872406006,382.195,3.74805259675
17.28505778312683,392.528,3.8493847112000004
17.367915391921997,405.26,3.974242979
17.457253217697144,424.543,4.16334461095
17.538939237594604,445.21,4.3660186465
17.61587691307068,460.571,4.51665859715
17.698608875274658,468.782,4.5971810003
17.784563064575195,472.427,4.632926239550001
17.866167545318604,476.625,4.67409455625
17.94680166244507,482.483,4.73154191195
18.02943181991577,494.201,4.84645623665
18.11531662940979,512.699,5.02785964835
18.194910049438477,533.689,5.23370123185
18.279340982437134,561.275,5.50422747875
18.360257387161255,601.04,5.894188916
18.447679042816162,658.6569999999999,6.459218669049999
18.52568745613098,728.453,7.143683612449999
18.60991334915161,801.6629999999999,7.861628458949999
18.691098928451538,869.0139999999999,8.5221161431
18.774195432662964,919.2969999999999,9.01522392505
18.86469316482544,954.7249999999999,9.362653921249999
18.940584421157837,981.435,9.62458954275
19.02205801010132,1000.81,9.8145933865
19.104799270629883,1011.1899999999999,9.9163864135
19.191236972808838,1016.9559999999999,9.972931557399999
19.272934436798096,1016.9559999999999,9.972931557399999
19.352907419204712,1016.1719999999999,9.965243143799999
19.43560814857483,1003.117,9.83721732805
19.52223801612854,982.035,9.630473532749999
19.60193705558777,947.529,9.29208526785
19.690906524658203,891.111,8.73881368815
19.766255140304565,808.721,7.93084379465
19.85074257850647,687.212,6.7392475598
19.931638956069946,533.596,5.2327892134
20.014559030532837,376.01300000000003,3.6874278864500005
20.097121953964233,236.975,2.32393088375
20.179728031158447,144.52800000000002,1.4173355112000001
20.268176794052124,98.67399999999999,0.9676613821
20.351293087005615,79.714,0.7817272981
20.42775559425354,76.208,0.7473451832
20.510526180267334,75.93199999999999,0.7446385477999999
20.596683025360107,76.347,0.74870830755
20.675864934921265,77.223,0.75729893295
20.762741088867188,78.14599999999999,0.7663504708999999
20.841177940368652,78.976,0.7744899904
20.923826932907104,79.945,0.78399263425
21.009440422058105,81.78999999999999,0.8020859035
21.090477466583252,82.943,0.81339297095
21.17784857749939,84.097,0.82470984505
21.25470280647278,85.15799999999999,0.8351147006999999
21.337436199188232,86.08,0.844156432
21.4227032661438,87.04899999999999,0.8536590758499999
21.504734992980957,87.695,0.8599941717499999
21.585529804229736,88.71,0.8699479215
21.66826033592224,89.494,0.8776363351
21.75243639945984,90.463,0.8871389789499999
21.84379005432129,91.06299999999999,0.8930229689499999
21.91868543624878,91.985,0.90206470025
21.998979330062866,95.999,0.94142859335
22.084030151367188,113.205,1.11016181325
22.16460418701172,150.756,1.4784113274
22.248929023742676,213.678,2.0954653587
22.32998561859131,304.28000000000003,2.9839674620000003
22.41273307800293,423.897,4.15700951505
22.497458934783936,561.644,5.5078461326
22.58008861541748,709.401,6.956847316649999
22.665640830993652,862.8789999999999,8.46195234535
22.743698120117188,1015.434,9.9580058361
22.827577829360962,1164.8519999999999,11.423295865799998
22.917641401290894,1300.846,12.756941425900001
22.993613243103027,1411.514,13.842223768099998
23.07442808151245,1484.493,14.557903278449999
23.158104419708252,1528.732,14.9917396678
23.24848246574402,1544.97,15.150980050500001
23.326080560684204,1544.97,15.150980050500001
23.40522861480713,1524.903,14.95419000495
23.487930297851562,1446.527,14.18558400455
23.580517292022705,1296.417,12.713507773049999
23.66031241416931,1100.084,10.7881387586
23.735859632492065,886.959,8.69809647735
23.821014165878296,671.02,6.580458283
23.91084337234497,466.107,4.57094821155
23.986801147460938,302.988,2.9712972702
24.06674885749817,180.92600000000002,1.7742779579
24.14937949180603,116.89599999999999,1.1463581583999998
24.241541385650635,106.51599999999999,1.0445651314
24.319656372070312,106.51599999999999,1.0445651314
24.397769689559937,106.65499999999999,1.0459282557499998
24.480186700820923,106.65499999999999,1.0459282557499998
24.564587593078613,106.747,1.04683046755
24.646312475204468,106.378,1.0432118137
24.728355407714844,105.963,1.03914205395
24.810999631881714,105.13199999999999,1.0309927278
24.896995782852173,103.887,1.01878344855
24.976462602615356,102.68799999999999,1.0070252752
25.062394857406616,100.93499999999999,0.9898342177499999
25.1419517993927,99.18199999999999,0.9726431602999999
25.224520683288574,97.79799999999999,0.9590707566999999
25.310920000076294,96.598,0.9473027767
25.390735387802124,95.67599999999999,0.9382610453999999
25.472450733184814,94.845,0.93011171925
25.555136680603027,93.92299999999999,0.9210699879499998
25.647926330566406,93.369,0.91563710385
25.724234580993652,92.862,0.9106651322999999
25.80328631401062,92.862,0.9106651322999999
25.88594937324524,93.0,0.91201845
25.97464680671692,93.55399999999999,0.9174513340999999
26.0528507232666,94.06099999999999,0.92242330565
26.13410186767578,94.984,0.9314748436
26.21695876121521,96.41399999999999,0.9454983530999999
26.3048038482666,107.16199999999999,1.0509002272999999
26.386366844177246,137.424,1.3476690696
26.46504807472229,203.622,1.9968496863000003
26.547787189483643,321.533,3.15316159445
26.631524324417114,490.04900000000004,4.80573902585
26.714037656784058,701.098,6.8754227017
26.79585838317871,944.53,9.2626751245
26.87876272201538,1201.48,11.782493842000001
26.965567588806152,1458.29,14.3009396285
27.04427409172058,1712.426,16.7931624329
27.13238263130188,1951.245,19.13517677925
27.209619522094727,2175.0260000000003,21.329718722900004
27.292248487472534,2399.8680000000004,23.534665522200005
27.377346754074097,2636.4280000000003,25.854526646200004
27.459049463272095,2897.8050000000003,28.417759403250002
27.54719376564026,3153.924,30.9294287946
27.623194694519043,3394.266,33.2863786689
27.70795488357544,3601.163,35.315345133950004
27.797757625579834,3738.264,36.6598466556
27.874775648117065,3839.5220000000004,37.65284842130001
27.95383620262146,3913.8390000000004,38.38164922935
28.036634922027588,3968.827,38.92089729955
28.12333083152771,4024.184,39.4637640236
28.206803560256958,4085.353,40.06362699745
28.284773111343384,4159.9929999999995,40.79559535345
28.367377996444702,4228.3589999999995,41.46603678734999
28.452948331832886,4270.799999999999,41.88224081999999
28.532798290252686,4288.883,42.05957447195
28.61812710762024,4288.883,42.05957447195
28.69826579093933,4267.432,41.849212022799996
28.78086233139038,4211.844,41.3040799626
28.864128351211548,4145.599999999999,40.654448239999994
28.946330070495605,4064.179,39.85598099035
29.030890226364136,3981.8810000000003,39.04891330865
29.11166000366211,3920.8500000000004,38.45040365250001
29.194323539733887,3887.3590000000004,38.12196913735001
29.281434774398804,3866.831,37.92065822615
29.362747192382812,3817.9320000000002,37.4411228478
29.44245481491089,3731.806,36.5965153099
29.52519416809082,3620.261,35.50263253565
29.610682487487793,3497.599,34.29972923335
29.701056480407715,3410.827,33.448786599550004
29.777561902999878,3379.32,33.139808478
29.855951070785522,3379.32,33.139808478
29.938654899597168,3401.6470000000004,33.35876155255001
30.023776292800903,3489.757,34.22282548405
30.10400938987732,3633.224,35.629756139600005
30.189262866973877,3806.077,37.324865012050005
30.2695095539093,3974.27,38.9742748955
30.352132320404053,4125.764,40.4599235306
30.436246633529663,4262.865,41.80442505225
30.518682956695557,4375.932,42.9132335478
30.600200653076172,4475.897,43.89355531505
30.682929515838623,4554.688999999999,44.666240881849994
30.76988387107849,4611.245,45.22086577925
30.85806393623352,4694.143,46.03381745095
30.9333176612854,4825.477,47.32176402205
31.01375389099121,5005.942,49.0915211143
31.09645390510559,5167.63,50.6771387395
31.181477308273315,5215.422,51.145818156299995
31.262157917022705,5215.422,51.145818156299995
31.350031852722168,5095.527999999999,49.9700596612
31.42725920677185,4757.896,46.6590208084
31.511781215667725,4126.317,40.46534660805
31.602773666381836,3223.951,31.61615907415
31.67740511894226,2211.5620000000004,21.688014487300002
31.75805950164795,1261.68,12.372854172
31.840550422668457,589.415,5.780186609749999
31.92558264732361,252.428,2.4754730462
32.008522748947144,133.687,1.31102161855
32.088752031326294,115.097,1.1287159950499999
32.17139291763306,114.128,1.1192133512
32.2547345161438,112.92899999999999,1.10745517785
32.34664702415466,112.006,1.0984036399000001
32.42123198509216,111.17599999999999,1.0902641203999999
32.502262353897095,110.29899999999999,1.08166368835
32.584858894348145,109.92999999999999,1.0780450344999999
32.6693160533905,109.65299999999999,1.07532859245
32.75219130516052,109.469,1.07352416885
32.83955144882202,109.238,1.0712588327
32.91569185256958,109.238,1.0712588327
33.00084662437439,115.189,1.12961820685
33.090450048446655,168.655,1.65394055575
33.16697812080383,291.64,2.860011406
33.246482133865356,476.76300000000003,4.6754478739500005
33.32932925224304,693.947,6.80529534755
33.412410736083984,894.155,8.76866513075
33.49695944786072,1052.338,10.3199104477
33.57837390899658,1186.164,11.6322951906
33.66022276878357,1337.3809999999999,13.115227383649998
33.746394872665405,1521.1209999999999,14.91710125465
33.825586557388306,1749.9759999999999,17.1614021404
33.91341423988342,2002.0349999999999,19.63325653275
33.99095106124878,2250.8650000000002,22.073445252250004
34.07367420196533,2477.737,24.29829955105
34.16268730163574,2666.505,26.149481258250002
34.24222183227539,2820.121,27.65593960465
34.32180428504944,2936.186,28.794148436900002
34.404502630233765,3031.723,29.73104635795
34.48979306221008,3113.237,30.53042562605
34.571619510650635,3184.3700000000003,31.228002060500003
34.65258431434631,3230.132,31.6767739778
34.73546266555786,3232.762,31.7025654673
34.819671630859375,3232.762,31.7025654673
34.90300750732422,3211.6800000000003,31.495821672
34.98340034484863,3145.021,30.842120189650004
35.06609010696411,2953.5310000000004,28.964244781150004
35.153810262680054,2504.2160000000003,24.557969836400005
35.232415437698364,1812.53,17.7748473245
35.314199924468994,1081.6309999999999,10.607176646149998
35.39676213264465,482.16,4.728374364
35.48177909851074,162.79600000000002,1.5964833934000002
35.56286859512329,88.756,0.8703990274
35.644689083099365,84.05099999999999,0.8242587391499999
35.72736597061157,83.22,0.816109413
35.81183958053589,82.621,0.8102352296499999
35.89284324645996,81.744,0.8016347976
35.978187799453735,81.14399999999999,0.7957508075999999
36.05815076828003,80.68299999999999,0.79122994195
36.14273953437805,80.222,0.7867090763
36.23256826400757,80.222,0.7867090763
36.310569047927856,80.452,0.7889646057999999
36.38909983634949,80.591,0.7903277301499999
36.47170615196228,80.868,0.7930441722
36.56191372871399,81.329,0.79756503785
36.64418411254883,81.975,0.8039001337499999
36.71983861923218,82.621,0.8102352296499999
36.80250072479248,83.22,0.816109413
36.888484477996826,83.54299999999999,0.8192769609499999
36.97003436088562,83.866,0.8224445089
37.050615072250366,84.097,0.82470984505
37.133339405059814,84.097,0.82470984505
37.217639446258545,83.63499999999999,0.82017917275
37.2988178730011,81.92899999999999,0.8034490278499999
37.38578510284424,79.80699999999999,0.7826393165499999
37.464160203933716,77.40799999999999,0.7591131631999999
37.546874046325684,75.47,0.7401078755
37.63616466522217,74.455,0.7301541257499999
37.71558237075806,74.03999999999999,0.7260843659999999
37.79498767852783,73.67099999999999,0.7224657121499999
37.877713441848755,73.16399999999999,0.7174937405999999
37.96763038635254,73.16399999999999,0.7174937405999999
38.04625654220581,73.579,0.7215635003499999
38.12576937675476,74.455,0.7301541257499999
38.20854115486145,75.378,0.7392056637
38.2955162525177,76.66999999999999,0.7518758554999999
38.37528443336487,77.592,0.7609175868
38.456653356552124,78.746,0.7722344608999999
38.53930592536926,79.622,0.7808250863
38.624632120132446,81.78999999999999,0.8020859035
38.707473278045654,83.728,0.8210911912
38.78740358352661,85.15799999999999,0.8351147006999999
38.870079040527344,87.095,0.85411018175
38.953667402267456,88.66399999999999,0.8694968155999999
39.03723192214966,90.27799999999999,0.8853247486999999
39.118180990219116,92.216,0.9043300364
39.20098423957825,94.06099999999999,0.92242330565
39.2864511013031,95.30699999999999,0.9346423915499998
39.36730360984802,96.41399999999999,0.9454983530999999
39.44916605949402,97.42899999999999,0.9554521028499999
39.53191804885864,98.628,0.9672102762
39.61754369735718,102.17999999999999,1.0020434969999998
39.697309494018555,106.609,1.04547714985
39.788700580596924,146.973,1.4413127704500002
39.862778425216675,298.00600000000003,2.9224405399
39.94766855239868,602.3779999999999,5.9073102137
40.03868246078491,1041.359,10.21224323735
40.11434745788574,1559.732,15.2957458178
40.19370174407959,2076.121,20.35979200465
40.27858805656433,2523.407,24.74616925655
40.359089851379395,2918.5640000000003,28.621335650600003
40.44177865982056,3264.9610000000002,32.01832979065
40.524580001831055,3557.9390000000003,34.89146249435
40.6082558631897,3832.694,37.5858886151
40.69206881523132,4082.9080000000004,40.039649738200005
40.772639989852905,4322.235,42.386645862749994
40.85533928871155,4567.19,44.7888338135
40.942434310913086,4812.33,47.1928359945
41.021275997161865,5069.094999999999,49.71084048175
41.10345935821533,5308.606,52.0596410299
41.18628668785095,5488.563,53.82441634395
41.27100324630737,5603.567,54.95222032055
41.351553201675415,5603.567,54.95222032055
41.436503648757935,5596.831999999999,54.886172532799996
41.517059087753296,5413.692999999999,53.09019245844999
41.59965205192566,4985.275,48.88884707875
41.68329167366028,4224.4839999999995,41.4280360186
41.76506280899048,3152.309,30.913591054850002
41.84907531738281,1997.9759999999999,19.593451340399998
41.93048048019409,1035.085,10.150716315250001
42.01306676864624,406.183,3.98329451695
42.09867787361145,135.994,1.3336455601
42.179402589797974,85.52699999999999,0.8387333545499999
42.26518893241882,83.03599999999999,0.8143049893999998
42.34370517730713,82.15899999999999,0.8057045573499999
42.42710852622986,81.237,0.7966628260499999
42.51542901992798,80.17599999999999,0.7862579703999999
42.594334840774536,79.06899999999999,0.7754020088499999
42.674511194229126,78.33,0.7681548945
42.75722789764404,77.26899999999999,0.7577500388499999
42.8428099155426,75.88499999999999,0.7441776352499999
42.922630310058594,74.54799999999999,0.7310661441999999
43.006338596343994,73.118,0.7170426347
43.08802008628845,72.42599999999999,0.7102564328999998
43.170761585235596,71.964,0.7057257606
43.25511193275452,71.41099999999999,0.7003026831499999
43.337677001953125,70.90299999999999,0.6953209049499999
43.42056679725647,69.981,0.6862791736499999
43.50159001350403,69.335,0.67994407775
43.5858097076416,68.689,0.67360898185
43.6738064289093,67.81299999999999,0.6650183564499998
43.753525495529175,67.351,0.66048768415
43.832380056381226,67.213,0.6591343664499999
43.915114402770996,66.89,0.6559668185
43.99970769882202,66.89,0.6559668185
44.090229511260986,67.30499999999999,0.66003657825
44.16695737838745,67.859,0.6654694623499999
44.24586582183838,68.458,0.6713436456999999
44.32866334915161,69.51899999999999,0.6817485013499999
44.41291069984436,71.134,0.6975862411
44.493988275527954,73.76299999999999,0.7233679239499999
44.57821464538574,76.66999999999999,0.7518758554999999
44.659411668777466,79.02199999999999,0.7749410963
44.74216270446777,80.729,0.79168104785
44.82869911193848,81.836,0.8025370094
44.90811204910278,82.252,0.8066165758
44.99494290351868,82.99,0.8138538835
45.07293629646301,83.728,0.8210911912
45.15566086769104,84.604,0.8296818166
45.24327039718628,85.52699999999999,0.8387333545499999
45.322771072387695,86.496,0.8482359984
45.403780937194824,87.326,0.8563755179
45.48645758628845,87.326,0.8563755179
45.571640491485596,87.14099999999999,0.85456128765
45.66003489494324,86.67999999999999,0.850040422
45.73911213874817,85.89599999999999,0.8423520083999999
45.81727123260498,85.25,0.8360169125
45.89998960494995,85.06599999999999,0.8342124888999999
45.985376834869385,84.78899999999999,0.8314960468499999
46.06535530090332,84.64999999999999,0.8301329224999999
46.15257287025452,84.327,0.82696537455
46.23076605796814,83.728,0.8210911912
46.313631534576416,82.99,0.8138538835
46.40199112892151,82.759,0.81158854735
46.48174524307251,82.574,0.8097743171
46.56161141395569,81.836,0.8025370094
46.648937940597534,81.28299999999999,0.7971139319499999
46.72701597213745,81.375,0.79801614375
46.81393003463745,81.006,0.7943974899
46.89240884780884,79.853,0.7830904224499999
46.97511529922485,79.115,0.77585311475
47.06393337249756,78.746,0.7722344608999999
47.14297270774841,78.238,0.7672526827
47.22326064109802,77.91499999999999,0.76408513475
47.30591893196106,77.223,0.75729893295
47.3905234336853,76.577,0.75096383705
47.47265696525574,75.747,0.74282431755
47.554099321365356,74.77799999999999,0.7333216736999999
47.636794090270996,74.27099999999999,0.7283497021499998
47.72128176689148,73.76299999999999,0.7233679239499999
47.80213403701782,73.256,0.7183959524
