time_ms,mass_g,time_s,thrust_n
5344.0,-31.798,0.0,0.0
5427.0,-33.186,0.0829999999999993,0.0
5510.0,-35.067,0.16599999999999948,0.0
5593.0,-37.172,0.24899999999999967,0.0
5676.0,-40.486,0.33199999999999985,0.0
5757.0,-43.934,0.41299999999999937,0.0
5840.0,-47.114,0.49599999999999955,0.0
5923.0,-50.652,0.5789999999999997,0.0
6006.0,-53.787,0.6619999999999999,0.0
6089.0,-56.877,0.7450000000000001,0.0
6172.0,-60.012,0.8279999999999994,0.0
6254.0,-63.237,0.9099999999999993,0.0
6337.0,-65.655,0.9929999999999994,0.0
6420.0,-68.029,1.0759999999999996,0.0
6503.0,-70.134,1.1589999999999998,0.0
6586.0,-71.925,1.242,0.0
6669.0,-73.985,1.3249999999999993,0.0
6751.0,-75.732,1.407,0.0
6834.0,-77.613,1.4899999999999993,0.0
6917.0,-79.27,1.5729999999999995,0.0
7000.0,-81.285,1.6559999999999997,0.0
7083.0,-83.614,1.7389999999999999,0.0
7165.0,-85.988,1.8209999999999997,0.0
7247.0,-88.541,1.9029999999999996,0.0
7330.0,-90.511,1.9859999999999998,0.0
7413.0,-92.482,2.069,0.0
7496.0,-94.587,2.152,0.0
7579.0,-96.826,2.2349999999999994,0.0
7662.0,-99.513,2.3179999999999996,0.0
7745.0,-102.155,2.401,0.0
7827.0,-104.798,2.4829999999999997,0.0
7910.0,-107.306,2.566,0.0
7993.0,-109.097,2.649,0.0
8076.0,-110.575,2.732,0.0
8159.0,-111.65,2.8150000000000004,0.0
8242.0,-113.083,2.8980000000000006,0.0
8324.0,-115.009,2.9799999999999995,0.0
8407.0,-116.935,3.0629999999999997,0.0
8489.0,-119.308,3.1450000000000005,0.0
8572.0,-121.1,3.227999999999999,0.0
8655.0,-122.533,3.310999999999999,0.0
8738.0,-124.279,3.3939999999999992,0.0
8820.0,-125.309,3.476,0.0
8903.0,-127.504,3.559,0.0
8986.0,-130.101,3.6420000000000003,0.0
9069.0,-132.43,3.7250000000000005,0.0
9152.0,-134.938,3.807999999999999,0.0
9235.0,-136.954,3.890999999999999,0.0
9317.0,-139.641,3.973,0.0
9400.0,-142.82,4.056,0.0
9483.0,-146.403,4.139,0.0
9566.0,-149.314,4.222,0.0
9649.0,-151.598,4.304999999999999,0.0
9732.0,-154.151,4.387999999999999,0.0
9814.0,-156.435,4.47,0.0
9896.0,-158.719,4.5520000000000005,0.0
9979.0,-160.6,4.634999999999999,0.0
10062.0,-162.392,4.717999999999999,0.0
10145.0,-164.317,4.800999999999999,0.0
10228.0,-166.109,4.8839999999999995,0.0
10310.0,-167.945,4.966,0.0
10393.0,-169.109,5.049,0.0
10476.0,-169.871,5.132000000000001,0.0
10559.0,-170.632,5.214999999999999,0.0
10642.0,-171.035,5.297999999999999,0.0
10725.0,-171.931,5.380999999999999,0.0
10808.0,-173.274,5.4639999999999995,0.0
10890.0,-174.752,5.546,0.0
10973.0,-176.186,5.6290000000000004,0.0
11056.0,-177.35,5.711999999999999,0.0
11139.0,-178.514,5.794999999999999,0.0
11222.0,-179.992,5.877999999999999,0.0
11304.0,-181.381,5.96,0.0
11386.0,-182.545,6.041999999999999,0.0
11469.0,-183.441,6.124999999999999,0.0
11552.0,-184.471,6.207999999999999,0.0
11635.0,-185.725,6.2909999999999995,0.0
11718.0,-187.292,6.374,0.0
11801.0,-189.845,6.457,0.0
11883.0,-192.084,6.538999999999999,0.0
11966.0,-194.548,6.621999999999999,0.0
12049.0,-196.876,6.704999999999999,0.0
12132.0,-199.116,6.787999999999999,0.0
12215.0,-201.041,6.8709999999999996,0.0
12298.0,-202.564,6.954,0.0
12380.0,-203.908,7.0360000000000005,0.0
12463.0,-204.579,7.118999999999999,0.0
12546.0,-205.206,7.201999999999999,0.0
12628.0,-205.654,7.284,0.0
12711.0,-206.057,7.367,0.0
12794.0,-206.684,7.45,0.0
12876.0,-207.535,7.531999999999999,0.0
12959.0,-208.565,7.614999999999999,0.0
13042.0,-210.178,7.6979999999999995,0.0
13125.0,-211.163,7.781,0.0
13208.0,-212.014,7.864,0.0
13291.0,-212.954,7.947,0.0
13374.0,-214.074,8.030000000000001,0.0
13456.0,-215.597,8.111999999999998,0.0
13539.0,-217.298,8.195,0.0
13622.0,-218.776,8.277999999999999,0.0
13705.0,-219.672,8.361,0.0
13788.0,-220.12,8.443999999999999,0.0
13871.0,-220.702,8.527000000000001,0.0
13953.0,-221.463,8.608999999999998,0.0
14035.0,-222.673,8.690999999999999,0.0
14118.0,-224.33,8.774000000000001,0.0
14201.0,-225.808,8.857,0.0
14284.0,-227.33,8.940000000000001,0.0
14367.0,-228.808,9.023,0.0
14449.0,-229.928,9.105,0.0
14532.0,-231.361,9.187999999999999,0.0
14615.0,-232.57,9.271,0.0
14698.0,-233.556,9.354,0.0
14781.0,-234.451,9.437000000000001,0.0
14864.0,-234.451,9.52,0.0
14946.0,-234.72,9.602,0.0
15029.0,-235.123,9.684999999999999,0.0
15112.0,-235.123,9.768,0.0
15195.0,-236.064,9.850999999999999,0.0
15278.0,-237.407,9.934000000000001,0.0
15361.0,-238.795,10.017,0.0
15442.0,-240.632,10.097999999999999,0.0
15525.0,-242.244,10.181000000000001,0.0
15608.0,-243.677,10.264,0.0
15691.0,-245.379,10.347000000000001,0.0
15774.0,-246.722,10.43,0.0
15857.0,-248.2,10.512999999999998,0.0
15939.0,-250.037,10.594999999999999,0.0
16022.0,-251.649,10.677999999999997,0.0
16105.0,-253.306,10.761,0.0
16188.0,-255.232,10.843999999999998,0.0
16271.0,-256.575,10.927,0.0
16354.0,-257.784,11.009999999999998,0.0
16436.0,-258.635,11.091999999999999,0.0
16519.0,-259.173,11.174999999999997,0.0
16602.0,-260.024,11.258,0.0
16685.0,-260.964,11.340999999999998,0.0
16768.0,-261.994,11.424,0.0
16850.0,-262.711,11.506,0.0
16932.0,-263.562,11.587999999999997,0.0
17015.0,-264.637,11.671,0.0
17098.0,-266.114,11.753999999999998,0.0
17181.0,-267.592,11.837,0.0
17264.0,-268.802,11.919999999999998,0.0
17347.0,-269.249,12.003,0.0
17429.0,-269.563,12.084999999999997,0.0
17512.0,-269.832,12.168,0.0
17595.0,-270.503,12.250999999999998,0.0
17678.0,-271.22,12.334,0.0
17761.0,-272.116,12.416999999999998,0.0
17844.0,-272.787,12.5,0.0
17926.0,-272.832,12.581999999999997,0.0
18009.0,-272.922,12.665,0.0
18092.0,-272.653,12.747999999999998,0.0
18174.0,-272.205,12.829999999999998,0.0
18257.0,-272.026,12.913,0.0
18340.0,-271.937,12.995999999999999,0.0
18422.0,-271.757,13.078,0.0
18505.0,-271.757,13.160999999999998,0.0
18588.0,-271.981,13.244,0.0
18671.0,-273.191,13.326999999999998,0.0
18754.0,-274.892,13.41,0.0
18837.0,-276.594,13.492999999999999,0.0
18920.0,-278.475,13.576,0.0
19002.0,-279.864,13.657999999999998,0.0
19085.0,-280.849,13.741,0.0
19168.0,-281.924,13.823999999999998,0.0
19251.0,-283.133,13.907,0.0
19334.0,-283.76,13.989999999999998,0.0
19417.0,-284.342,14.073,0.0
19499.0,-285.014,14.154999999999998,0.0
19581.0,-285.775,14.236999999999998,0.0
19664.0,-287.208,14.32,0.0
19747.0,-289.224,14.402999999999999,0.0
19830.0,-291.597,14.485999999999997,0.0
19913.0,-293.434,14.568999999999999,0.0
19995.0,-295.18,14.651,0.0
20078.0,-297.24,14.733999999999998,0.0
20161.0,-299.659,14.817,0.0
20244.0,-302.614,14.899999999999999,0.0
20327.0,-305.302,14.983,0.0
20410.0,-307.138,15.065999999999999,0.0
20492.0,-308.929,15.148,0.0
20575.0,-310.318,15.230999999999998,0.0
20658.0,-311.572,15.314,0.0
20741.0,-312.646,15.396999999999998,0.0
20824.0,-313.811,15.48,0.0
20907.0,-314.527,15.562999999999999,0.0
20988.0,-314.527,15.643999999999998,0.0
21071.0,-314.259,15.727,0.0
21154.0,-313.856,15.809999999999999,0.0
21237.0,-312.512,15.892999999999997,0.0
21320.0,-311.124,15.975999999999999,0.0
21403.0,-310.228,16.058999999999997,0.0
21485.0,-308.929,16.141,0.0
21568.0,-306.914,16.224,0.0
21651.0,-304.585,16.307,0.0
21734.0,-302.391,16.39,0.0
21817.0,-300.151,16.473,0.0
21900.0,-299.032,16.555999999999997,0.0
21983.0,-298.36,16.639,0.0
22065.0,-297.509,16.721,0.0
22148.0,-296.927,16.804,0.0
22231.0,-296.21,16.887,0.0
22313.0,-295.583,16.968999999999998,0.0
22396.0,-294.508,17.052,0.0
22479.0,-293.568,17.134999999999998,0.0
22561.0,-292.807,17.217,0.0
22644.0,-292.403,17.299999999999997,0.0
22727.0,-292.359,17.383,0.0
22810.0,-292.045,17.465999999999998,0.0
22893.0,-291.776,17.549,0.0
22976.0,-291.015,17.631999999999998,0.0
23058.0,-290.567,17.714,0.0
23141.0,-289.448,17.796999999999997,0.0
23224.0,-288.731,17.88,0.0
23307.0,-288.014,17.962999999999997,0.0
23390.0,-286.805,18.046,0.0
23473.0,-285.238,18.128999999999998,0.0
23555.0,-283.626,18.211,0.0
23638.0,-282.192,18.294,0.0
23720.0,-281.028,18.375999999999998,0.0
23803.0,-280.087,18.459,0.0
23886.0,-278.475,18.541999999999998,0.0
23969.0,-277.042,18.625,0.0
24051.0,-275.699,18.706999999999997,0.0
24134.0,-274.131,18.79,0.0
24217.0,-273.101,18.872999999999998,0.0
24300.0,-271.265,18.956,0.0
24383.0,-268.443,19.038999999999998,0.0
24466.0,-265.219,19.122,0.0
24548.0,-262.263,19.203999999999997,0.0
24631.0,-260.068,19.287,0.0
24714.0,-258.994,19.369999999999997,0.0
24797.0,-258.949,19.453,0.0
24880.0,-258.814,19.535999999999998,0.0
24963.0,-258.411,19.619,0.0
25046.0,-257.74,19.701999999999998,0.0
25127.0,-256.665,19.782999999999998,0.0
25210.0,-255.5,19.866,0.0
25293.0,-254.739,19.948999999999998,0.0
25376.0,-253.351,20.032,0.0
25459.0,-252.276,20.115,0.0
25542.0,-251.246,20.198,0.0
25624.0,-249.857,20.279999999999998,0.0
25707.0,-248.603,20.363,0.0
25790.0,-246.454,20.445999999999998,0.0
25873.0,-224.33,20.529,0.0
25956.0,-181.605,20.612,0.0
26039.0,-136.416,20.695,0.0
26121.0,-92.303,20.776999999999997,0.0
26204.0,-68.745,20.86,0.0
26287.0,-66.417,20.942999999999998,0.0
26370.0,-66.417,21.026,0.0
26452.0,-67.223,21.108,0.0
26535.0,-68.163,21.191,0.0
26617.0,-68.387,21.273,0.0
26700.0,-68.387,21.355999999999998,0.0
26783.0,-67.76,21.439,0.0
26866.0,-66.73,21.522,0.0
26949.0,-65.342,21.605,0.0
27032.0,-63.058,21.688,0.0
27114.0,-59.699,21.77,0.0
27197.0,-56.25,21.852999999999998,0.0
27280.0,-51.414,21.936,0.0
27363.0,-46.487,22.019,0.0
27446.0,-42.053,22.102,0.0
27529.0,-36.097,22.185,0.0
27611.0,-30.006,22.267,0.0
27694.0,-24.856,22.349999999999998,0.0
27777.0,-20.109,22.433,0.0
27859.0,-16.257,22.515,0.0
27942.0,-13.928,22.598,0.0
28025.0,-10.928,22.680999999999997,0.0
28108.0,-7.658,22.764,0.0
28190.0,-4.837,22.846,0.0
28273.0,-1.657,22.929,0.0
28356.0,1.209,23.012,0.01185623985
28439.0,3.269,23.095,0.03205793885
28522.0,5.374,23.177999999999997,0.0527009371
28605.0,7.972,23.261,0.0781786138
28687.0,10.435,23.343,0.10233239275
28770.0,13.794,23.426,0.1352729301
28853.0,17.556,23.509,0.1721655474
28936.0,21.183,23.592,0.20773426695
29019.0,25.035,23.674999999999997,0.24550948275
29102.0,28.215,23.758,0.27669462975
29184.0,31.529,23.84,0.30919386785
29266.0,34.44,23.921999999999997,0.337741026
29349.0,37.306,24.005,0.3658468849
29432.0,41.203,24.087999999999997,0.40406339995
29515.0,44.696,24.171,0.4383180284
29598.0,48.189,24.253999999999998,0.47257265685
29680.0,51.145,24.336,0.50156111425
29763.0,53.563,24.419,0.5252735939500001
29846.0,56.385,24.502,0.55294796025
29929.0,58.624,24.584999999999997,0.5749050496
30012.0,60.908,24.668,0.5973034382
30095.0,62.431,24.750999999999998,0.61223896615
30177.0,62.968,24.833,0.6175051372
30260.0,63.685,24.916,0.62453650525
30343.0,64.357,24.999,0.6311265740499999
30426.0,64.804,25.081999999999997,0.6355101466
30509.0,64.804,25.165,0.6355101466
30592.0,64.222,25.247999999999998,0.6298026763
30673.0,63.461,25.328999999999997,0.62233981565
30756.0,61.804,25.412,0.6060901966000001
30839.0,59.251,25.494999999999997,0.58105381915
30922.0,57.057,25.578,0.55953802905
31005.0,54.728,25.660999999999998,0.5366983412
31088.0,52.891,25.744,0.5186835251499999
31171.0,51.861,25.826999999999998,0.5085826756499999
31253.0,50.876,25.909,0.4989231254
31336.0,50.249,25.991999999999997,0.49277435585
31419.0,50.115,26.075,0.49146026475000004
31502.0,50.07,26.157999999999998,0.4910189655
31585.0,50.115,26.241,0.49146026475000004
31668.0,50.294,26.323999999999998,0.4932156551
31750.0,50.384,26.406,0.4940982536
31833.0,50.831,26.488999999999997,0.49848182615000003
31916.0,50.966,26.572,0.4998057239
31998.0,51.906,26.654,0.5090239749
32081.0,53.115,26.737000000000002,0.52088021475
32164.0,54.683,26.82,0.53625704195
32246.0,56.34,26.902,0.552506661
32329.0,57.684,26.985,0.5656867985999999
32412.0,59.52,27.067999999999998,0.5836918080000001
32495.0,61.759,27.150999999999996,0.60564889735
32578.0,64.491,27.234,0.63244066515
32661.0,67.85,27.317,0.6653812025
32743.0,72.239,27.399,0.70842258935
32826.0,77.165,27.482,0.7567301472500001
32909.0,82.181,27.564999999999998,0.80592030365
32992.0,87.331,27.647999999999996,0.85642455115
33075.0,92.168,27.731,0.9038593172000001
33158.0,97.229,27.814,0.95349077285
33240.0,101.976,27.896,1.0000429404
33323.0,105.559,27.979,1.03518016735
33405.0,108.112,28.061,1.0602165448
33488.0,109.858,28.144,1.0773389557000002
33571.0,111.605,28.226999999999997,1.09447117325
33654.0,114.471,28.310000000000002,1.1225770321500002
33736.0,118.189,28.391999999999996,1.15903815685
33819.0,120.204,28.475,1.1787985565999999
33902.0,121.234,28.558,1.1888994061
33985.0,121.727,28.641,1.19373408455
34068.0,122.443,28.723999999999997,1.20075564595
34151.0,122.443,28.807000000000002,1.20075564595
34233.0,122.533,28.888999999999996,1.20163824445
34316.0,124.055,28.972,1.21656396575
34399.0,125.444,29.055,1.2301854026
34482.0,126.474,29.137999999999998,1.2402862521
34565.0,127.459,29.220999999999997,1.24994580235
34648.0,128.489,29.304000000000002,1.26004665185
34731.0,129.474,29.387,1.2697062020999998
34812.0,130.504,29.467999999999996,1.2798070516
34895.0,130.639,29.551000000000002,1.28113094935
34978.0,131.131,29.634,1.28595582115
35061.0,131.445,29.717,1.2890351092499999
35144.0,132.923,29.799999999999997,1.30352933795
35227.0,151.509,29.882999999999996,1.48579573485
35309.0,204.132,29.964999999999996,2.0018510778
35392.0,279.908,30.048000000000002,2.7449597882
35475.0,364.015,30.131,3.56976769975
35558.0,431.507,30.214,4.2316381215500005
35641.0,464.648,30.296999999999997,4.5566403092000005
35724.0,474.232,30.379999999999995,4.650627242800001
35806.0,474.59,30.461999999999996,4.6541380235
35889.0,474.59,30.545,4.6541380235
35972.0,473.739,30.628,4.64579256435
36055.0,473.202,30.711,4.6405263933
36137.0,472.396,30.793,4.6326222334
36220.0,471.231,30.875999999999998,4.62119748615
36302.0,470.47,30.958,4.6137346255
36385.0,469.709,31.040999999999997,4.60627176485
36468.0,469.35,31.124000000000002,4.6027511775
36551.0,469.35,31.207,4.6027511775
36634.0,469.306,31.29,4.6023196849
36717.0,469.216,31.372999999999998,4.6014370864
36799.0,469.395,31.455,4.603192476749999
36882.0,469.753,31.537999999999997,4.6067032574499995
36965.0,470.022,31.621000000000002,4.6093412463
37048.0,470.022,31.704,4.6093412463
37131.0,470.291,31.787,4.61197923515
37214.0,470.291,31.869999999999997,4.61197923515
37296.0,470.38,31.951999999999998,4.612852027
37379.0,470.604,32.035,4.6150487166
37462.0,470.918,32.118,4.6181280047
37544.0,470.559,32.199999999999996,4.61460741735
37627.0,470.918,32.283,4.6181280047
37710.0,471.321,32.366,4.62208008465
37793.0,471.187,32.449,4.62076599355
37875.0,471.052,32.531,4.6194420958
37958.0,470.649,32.614,4.61549001585
38041.0,471.007,32.696999999999996,4.61900079655
38124.0,470.828,32.78,4.6172454061999995
38207.0,470.515,32.863,4.61417592475
38290.0,470.156,32.946,4.6106553374
38372.0,469.933,33.028,4.60846845445
38455.0,469.306,33.111,4.6023196849
38538.0,468.365,33.193999999999996,4.59309162725
38621.0,467.245,33.277,4.5821081792500005
38704.0,466.305,33.36,4.57288992825
38787.0,465.633,33.443,4.56629985945
38868.0,464.782,33.524,4.5579544003
38951.0,463.752,33.607,4.5478535508
39034.0,462.453,33.69,4.5351147124499995
39117.0,460.617,33.772999999999996,4.51710970305
39200.0,459.005,33.856,4.50130138325
39283.0,457.975,33.939,4.49120053375
39365.0,457.124,34.021,4.482855074600001
39448.0,456.855,34.104,4.4802170857500005
39531.0,456.586,34.187,4.4775790969
39614.0,456.273,34.269999999999996,4.474509615450001
39697.0,455.288,34.353,4.4648500652
39780.0,454.213,34.436,4.45430791645
39862.0,453.317,34.518,4.44552115805
39945.0,452.869,34.601,4.44112777885
40028.0,452.869,34.684,4.44112777885
40111.0,452.869,34.766999999999996,4.44112777885
40194.0,450.854,34.85,4.4213673791
40276.0,416.414,34.932,4.0836263531
40359.0,337.234,35.015,3.3071358061
40441.0,248.245,35.097,2.43445182925
40524.0,160.735,35.18,1.5762718877500002
40607.0,105.649,35.263,1.0360627658500001
40690.0,95.482,35.346,0.9363585553
40773.0,94.766,35.429,0.9293369939
40856.0,94.766,35.512,0.9293369939
40938.0,94.766,35.594,0.9293369939
41021.0,94.363,35.677,0.92538491395
41104.0,93.601,35.76,0.91791224665
41187.0,92.079,35.842999999999996,0.9029865253499999
41270.0,90.377,35.926,0.88629560705
41353.0,88.944,36.009,0.8722426776000001
41435.0,86.749,36.091,0.85071708085
41518.0,84.42,36.174,0.8278773930000001
41601.0,84.42,36.257,0.8278773930000001
41683.0,85.988,36.339,0.8432542202
41766.0,86.615,36.422,0.84940298975
41849.0,85.853,36.504999999999995,0.84193032245
41931.0,65.252,36.586999999999996,0.6399035258
42014.0,21.273,36.67,0.20861686545
42097.0,-29.961,36.753,0.0
42180.0,-80.658,36.836,0.0
42263.0,-108.425,36.919,0.0
42346.0,-113.262,37.001999999999995,0.0
42428.0,-115.098,37.083999999999996,0.0
42511.0,-117.696,37.167,0.0
42594.0,-121.189,37.25,0.0
42677.0,-124.638,37.333,0.0
42760.0,-128.22,37.416,0.0
42843.0,-131.579,37.499,0.0
42925.0,-135.073,37.580999999999996,0.0
43008.0,-139.193,37.664,0.0
43090.0,-142.955,37.746,0.0
43173.0,-145.731,37.829,0.0
43256.0,-147.836,37.912,0.0
43339.0,-147.836,37.995,0.0
43421.0,-126.519,38.077,0.0
43504.0,-23.647,38.16,0.0
43587.0,263.024,38.243,2.5793843096
43670.0,883.794,38.326,8.667058430099999
43753.0,1712.636,38.409,16.7952218294
43836.0,2612.508,38.492,25.6199515782
43919.0,3501.093,38.574999999999996,34.33399366845
44001.0,4179.368,38.657,40.9855991972
44084.0,4713.03,38.74,46.2190356495
44167.0,5134.325,38.823,50.35052826125
44250.0,5390.498,38.906,52.8627272117
44333.0,5550.426,38.989,54.4310851329
44416.0,5699.023,39.071999999999996,55.88832390295
44497.0,5922.771,39.153,58.08254222715
44580.0,6240.926,39.236,61.20257695790001
44663.0,6530.553,39.318999999999996,64.04284757745
44746.0,6754.883,39.402,66.24277337195
44829.0,6899.405,39.485,67.66005004325
44912.0,7153.965,39.568,70.15643086725001
44994.0,8116.984,39.65,79.6004211436
45077.0,9945.301,39.733,97.53008605165
45160.0,12254.702,39.815999999999995,120.17757336829999
45243.0,14304.079,39.899,140.27509632535
45326.0,15558.695,39.982,152.57867632175
45409.0,15778.59,40.065,154.7351096235
45491.0,15778.59,40.147,154.7351096235
45574.0,15241.346,40.23,149.4665457509
45657.0,14200.445,40.312999999999995,139.25879395925
45740.0,12640.975,40.396,123.96561748375001
45822.0,10650.446,40.478,104.4451962659
45905.0,8610.877,40.561,84.44385693205001
45987.0,6924.708,40.643,67.9081877082
46070.0,5727.238,40.726,56.1650185327
46153.0,5043.053,40.809,49.45545570245
46236.0,4797.853,40.891999999999996,47.05086512245
46319.0,4733.317,40.975,46.41798315805
46402.0,4621.892,41.058,45.3252771818
46485.0,4506.927,41.141,44.19785566455
46567.0,4054.685,41.223,39.76287665525
46650.0,3132.734,41.306,30.7216258811
46733.0,1908.482,41.388999999999996,18.7158150053
46816.0,794.134,41.472,7.787794191100001
46899.0,77.479,41.555,0.75980943535
46982.0,-186.397,41.638,0.0
47064.0,-227.151,41.72,0.0
47147.0,-229.211,41.803,0.0
47229.0,-230.644,41.885,0.0
47312.0,-231.943,41.967999999999996,0.0
47395.0,-232.884,42.051,0.0
47478.0,-233.421,42.134,0.0
47560.0,-233.869,42.216,0.0
47643.0,-234.003,42.299,0.0
47726.0,-234.765,42.382,0.0
47809.0,-236.019,42.464999999999996,0.0
47892.0,-237.138,42.548,0.0
47975.0,-238.124,42.631,0.0
48057.0,-238.751,42.713,0.0
48140.0,-238.751,42.796,0.0
48223.0,-238.437,42.879,0.0
48306.0,-237.631,42.961999999999996,0.0
48389.0,-236.914,43.045,0.0
48472.0,-236.243,43.128,0.0
48553.0,-235.929,43.208999999999996,0.0
48636.0,-235.929,43.292,0.0
48719.0,-236.287,43.375,0.0
48802.0,-236.646,43.458,0.0
48885.0,-236.646,43.541,0.0
48968.0,-236.87,43.624,0.0
49051.0,-236.691,43.707,0.0
49133.0,-236.377,43.789,0.0
49216.0,-236.511,43.872,0.0
49299.0,-237.004,43.955,0.0
49382.0,-238.168,44.038,0.0
49465.0,-239.198,44.121,0.0
49548.0,-240.9,44.204,0.0
49630.0,-242.289,44.286,0.0
49713.0,-243.274,44.369,0.0
49796.0,-244.304,44.452,0.0
49879.0,-245.334,44.535,0.0
49961.0,-246.23,44.617,0.0
50044.0,-247.484,44.699999999999996,0.0
50126.0,-249.275,44.782,0.0
50209.0,-251.111,44.865,0.0
50292.0,-252.903,44.948,0.0
50375.0,-254.963,45.031,0.0
50458.0,-257.292,45.114,0.0
50541.0,-259.441,45.196999999999996,0.0
50623.0,-262.263,45.278999999999996,0.0
50706.0,-264.816,45.362,0.0
50789.0,-266.876,45.445,0.0
50872.0,-269.876,45.528,0.0
50955.0,-273.235,45.611,0.0
51038.0,-276.639,45.693999999999996,0.0
51121.0,-280.087,45.777,0.0
51203.0,-283.491,45.859,0.0
51286.0,-286.447,45.942,0.0
51368.0,-289.0,46.024,0.0
51451.0,-291.239,46.107,0.0
51534.0,-292.851,46.19,0.0
51617.0,-293.747,46.272999999999996,0.0
51699.0,-295.046,46.355,0.0
51782.0,-296.882,46.437999999999995,0.0
51865.0,-298.808,46.521,0.0
51948.0,-301.181,46.604,0.0
52031.0,-303.465,46.687,0.0
52114.0,-305.212,46.769999999999996,0.0
52196.0,-307.272,46.852,0.0
52279.0,-309.78,46.935,0.0
52362.0,-312.288,47.018,0.0
52445.0,-314.527,47.101,0.0
52528.0,-316.588,47.184,0.0
52611.0,-318.2,47.266999999999996,0.0
52692.0,-320.26,47.348,0.0
52775.0,-323.888,47.431,0.0
52858.0,-327.739,47.513999999999996,0.0
52941.0,-331.277,47.597,0.0
53024.0,-334.367,47.68,0.0
53107.0,-336.472,47.763,0.0
53190.0,-338.174,47.846,0.0
53272.0,-339.697,47.928,0.0
53355.0,-341.085,48.010999999999996,0.0
53438.0,-341.891,48.094,0.0
53521.0,-342.697,48.177,0.0
53604.0,-343.683,48.26,0.0
53687.0,-344.354,48.342999999999996,0.0
53769.0,-344.757,48.425,0.0
53852.0,-344.892,48.507999999999996,0.0
53935.0,-344.802,48.591,0.0
54018.0,-344.399,48.674,0.0
54100.0,-343.862,48.756,0.0
54183.0,-342.294,48.839,0.0
54265.0,-340.592,48.921,0.0
54348.0,-339.294,49.004,0.0
54431.0,-338.308,49.086999999999996,0.0
54514.0,-337.816,49.17,0.0
54597.0,-336.92,49.253,0.0
54680.0,-336.114,49.336,0.0
54763.0,-334.905,49.419,0.0
54845.0,-333.203,49.501,0.0
54928.0,-332.128,49.583999999999996,0.0
55011.0,-331.008,49.667,0.0
55094.0,-329.934,49.75,0.0
55177.0,-328.859,49.833,0.0
55260.0,-327.112,49.916,0.0
55342.0,-324.918,49.998,0.0
55425.0,-322.768,50.080999999999996,0.0
55507.0,-320.439,50.163,0.0
55590.0,-318.737,50.246,0.0
55673.0,-317.125,50.329,0.0
55756.0,-314.348,50.412,0.0
55838.0,-311.124,50.494,0.0
55921.0,-307.989,50.577,0.0
56004.0,-305.346,50.66,0.0
56087.0,-303.958,50.743,0.0
56170.0,-302.883,50.826,0.0
56253.0,-301.764,50.909,0.0
56335.0,-300.286,50.991,0.0
56418.0,-298.539,51.074,0.0
56501.0,-297.509,51.157,0.0
56584.0,-296.479,51.24,0.0
56667.0,-295.807,51.323,0.0
56750.0,-295.046,51.406,0.0
56833.0,-294.419,51.489,0.0
56914.0,-293.03,51.57,0.0
56997.0,-291.642,51.653,0.0
57080.0,-290.522,51.736,0.0
57163.0,-289.627,51.818999999999996,0.0
57246.0,-289.358,51.902,0.0
57329.0,-289.179,51.985,0.0
57411.0,-288.686,52.067,0.0
57494.0,-288.507,52.15,0.0
57577.0,-287.791,52.233,0.0
57660.0,-287.119,52.315999999999995,0.0
57743.0,-286.805,52.399,0.0
57826.0,-287.029,52.482,0.0
57908.0,-286.85,52.564,0.0
57991.0,-286.178,52.647,0.0
58074.0,-285.193,52.73,0.0
58157.0,-284.163,52.812999999999995,0.0
58240.0,-282.64,52.896,0.0
58322.0,-281.341,52.978,0.0
58404.0,-280.491,53.06,0.0
58487.0,-280.267,53.143,0.0
58570.0,-280.177,53.226,0.0
58653.0,-280.087,53.309,0.0
58736.0,-280.132,53.391999999999996,0.0
58819.0,-280.267,53.475,0.0
58902.0,-280.267,53.558,0.0
58984.0,-279.416,53.64,0.0
59067.0,-279.057,53.723,0.0
59150.0,-278.923,53.806,0.0
59233.0,-278.744,53.888999999999996,0.0
59316.0,-278.296,53.972,0.0
59399.0,-278.027,54.055,0.0
59481.0,-277.938,54.137,0.0
59564.0,-277.669,54.22,0.0
59646.0,-277.356,54.302,0.0
59729.0,-277.356,54.385,0.0
59812.0,-277.356,54.467999999999996,0.0
59895.0,-277.356,54.551,0.0
59977.0,-277.624,54.632999999999996,0.0
60060.0,-277.983,54.716,0.0
60143.0,-278.699,54.799,0.0
60226.0,-279.595,54.882,0.0
60309.0,-281.341,54.964999999999996,0.0
60392.0,-282.372,55.048,0.0
60474.0,-283.402,55.129999999999995,0.0
60557.0,-284.118,55.213,0.0
60640.0,-284.387,55.296,0.0
60723.0,-284.387,55.379,0.0
60806.0,-283.939,55.461999999999996,0.0
60889.0,-283.715,55.545,0.0
60971.0,-282.999,55.626999999999995,0.0
61053.0,-282.864,55.708999999999996,0.0
61136.0,-282.864,55.792,0.0
61219.0,-283.312,55.875,0.0
61302.0,-284.208,55.958,0.0
61385.0,-285.73,56.041,0.0
61467.0,-287.074,56.123,0.0
61550.0,-288.283,56.205999999999996,0.0
61633.0,-289.268,56.289,0.0
61716.0,-290.03,56.372,0.0
61799.0,-290.03,56.455,0.0
61882.0,-289.895,56.538,0.0
61965.0,-289.268,56.621,0.0
62047.0,-289.089,56.702999999999996,0.0
62130.0,-288.328,56.786,0.0
62213.0,-287.88,56.869,0.0
62296.0,-287.477,56.952,0.0
62379.0,-287.522,57.035,0.0
62461.0,-287.388,57.117,0.0
62543.0,-287.253,57.199,0.0
62626.0,-287.119,57.282,0.0
62709.0,-286.492,57.365,0.0
62792.0,-285.954,57.448,0.0
62875.0,-285.103,57.531,0.0
62957.0,-284.387,57.613,0.0
63040.0,-283.984,57.696,0.0
63123.0,-283.536,57.778999999999996,0.0
63206.0,-283.357,57.862,0.0
63289.0,-283.312,57.945,0.0
63372.0,-283.402,58.028,0.0
63454.0,-283.67,58.11,0.0
63537.0,-284.342,58.193,0.0
63620.0,-285.506,58.275999999999996,0.0
63703.0,-287.253,58.359,0.0
63785.0,-289.045,58.440999999999995,0.0
63868.0,-290.836,58.524,0.0
63950.0,-292.359,58.606,0.0
64033.0,-293.613,58.689,0.0
64116.0,-294.419,58.772,0.0
64199.0,-294.195,58.855,0.0
64282.0,-293.971,58.937999999999995,0.0
64365.0,-293.971,59.020999999999994,0.0
64447.0,-293.837,59.103,0.0
64530.0,-293.344,59.186,0.0
64613.0,-292.941,59.269,0.0
64696.0,-293.837,59.352,0.0
64779.0,-293.926,59.434999999999995,0.0
64862.0,-294.061,59.517999999999994,0.0
64945.0,-294.061,59.60099999999999,0.0
65027.0,-294.553,59.683,0.0
65110.0,-294.553,59.766,0.0
65192.0,-294.508,59.84799999999999,0.0
65275.0,-295.046,59.931000000000004,0.0
65358.0,-295.359,60.014,0.0
65441.0,-295.135,60.097,0.0
65523.0,-294.732,60.178999999999995,0.0
65606.0,-294.195,60.26199999999999,0.0
65689.0,-293.344,60.34499999999999,0.0
65772.0,-291.776,60.428000000000004,0.0
65855.0,-289.358,60.511,0.0
65938.0,-287.611,60.594,0.0
66020.0,-285.506,60.675999999999995,0.0
66103.0,-283.088,60.75899999999999,0.0
66186.0,-281.297,60.842000000000006,0.0
66269.0,-279.55,60.925000000000004,0.0
66352.0,-277.938,61.008,0.0
66435.0,-276.863,61.091,0.0
66516.0,-276.057,61.172000000000004,0.0
66599.0,-275.206,61.255,0.0
66682.0,-274.131,61.338,0.0
66765.0,-273.235,61.421,0.0
66848.0,-272.384,61.504,0.0
66931.0,-271.668,61.586999999999996,0.0
67013.0,-270.906,61.669000000000004,0.0
67096.0,-269.876,61.752,0.0
67179.0,-268.757,61.835,0.0
67262.0,-267.592,61.918,0.0
67345.0,-267.055,62.001,0.0
67428.0,-266.652,62.083999999999996,0.0
67510.0,-266.338,62.166000000000004,0.0
67593.0,-266.025,62.249,0.0
67676.0,-265.891,62.332,0.0
67759.0,-265.398,62.415,0.0
67842.0,-264.816,62.498,0.0
67924.0,-265.084,62.580000000000005,0.0
68006.0,-265.219,62.662,0.0
68089.0,-264.637,62.745,0.0
68172.0,-263.83,62.827999999999996,0.0
68255.0,-263.696,62.910999999999994,0.0
68338.0,-263.696,62.99399999999999,0.0
68421.0,-262.711,63.077000000000005,0.0
68503.0,-262.039,63.159,0.0
68586.0,-261.188,63.242,0.0
68669.0,-259.979,63.324999999999996,0.0
68752.0,-258.859,63.407999999999994,0.0
68835.0,-257.74,63.49099999999999,0.0
68918.0,-256.217,63.574000000000005,0.0
69000.0,-255.008,63.656,0.0
69083.0,-253.485,63.739,0.0
69166.0,-252.186,63.821999999999996,0.0
69249.0,-250.574,63.904999999999994,0.0
69331.0,-249.499,63.987,0.0
69414.0,-248.514,64.07000000000001,0.0
69496.0,-247.752,64.152,0.0
69579.0,-247.708,64.235,0.0
69662.0,-248.156,64.31800000000001,0.0
69745.0,-249.006,64.40100000000001,0.0
69828.0,-249.992,64.48400000000001,0.0
69911.0,-252.097,64.56700000000001,0.0
69994.0,-253.798,64.65,0.0
70076.0,-255.411,64.732,0.0
70159.0,-257.157,64.81500000000001,0.0
70242.0,-258.725,64.89800000000001,0.0
70325.0,-259.934,64.98100000000001,0.0
70408.0,-261.77,65.06400000000001,0.0
70491.0,-263.293,65.147,0.0
70573.0,-264.637,65.229,0.0
70656.0,-266.07,65.31200000000001,0.0
70738.0,-267.413,65.394,0.0
70821.0,-268.443,65.477,0.0
70904.0,-269.249,65.56,0.0
70987.0,-270.324,65.643,0.0
71069.0,-271.175,65.72500000000001,0.0
71152.0,-272.205,65.808,0.0
71235.0,-273.728,65.891,0.0
71318.0,-275.609,65.974,0.0
71401.0,-277.624,66.057,0.0
71484.0,-279.237,66.14,0.0
71566.0,-281.162,66.22200000000001,0.0
71649.0,-283.402,66.305,0.0
71732.0,-286.537,66.388,0.0
71815.0,-290.433,66.471,0.0
71898.0,-293.747,66.554,0.0
71981.0,-296.658,66.637,0.0
72062.0,-298.897,66.718,0.0
72145.0,-300.554,66.801,0.0
72228.0,-302.346,66.884,0.0
72311.0,-304.63,66.96700000000001,0.0
72394.0,-306.959,67.05000000000001,0.0
72477.0,-309.153,67.13300000000001,0.0
72559.0,-310.989,67.215,0.0
72642.0,-311.706,67.298,0.0
72725.0,-311.751,67.381,0.0
72808.0,-311.93,67.46400000000001,0.0
72891.0,-311.93,67.54700000000001,0.0
72974.0,-312.109,67.63000000000001,0.0
73056.0,-312.87,67.712,0.0
73139.0,-314.662,67.795,0.0
73222.0,-316.408,67.878,0.0
73305.0,-318.782,67.96100000000001,0.0
73388.0,-321.156,68.04400000000001,0.0
73470.0,-322.992,68.126,0.0
73553.0,-325.142,68.209,0.0
73635.0,-327.023,68.29100000000001,0.0
73718.0,-328.59,68.37400000000001,0.0
73801.0,-329.53,68.45700000000001,0.0
73884.0,-329.799,68.54,0.0
73967.0,-329.799,68.623,0.0
74050.0,-330.068,68.706,0.0
74132.0,-330.068,68.78800000000001,0.0
74215.0,-330.74,68.87100000000001,0.0
74298.0,-332.352,68.95400000000001,0.0
74381.0,-334.323,69.037,0.0
74464.0,-335.98,69.12,0.0
74547.0,-337.01,69.203,0.0
74629.0,-337.189,69.28500000000001,0.0
74712.0,-337.189,69.36800000000001,0.0
74795.0,-337.861,69.45100000000001,0.0
74877.0,-339.383,69.533,0.0
74960.0,-342.966,69.616,0.0
75043.0,-345.161,69.69900000000001,0.0
75125.0,-346.37,69.781,0.0
75208.0,-346.37,69.864,0.0
75291.0,-345.474,69.947,0.0
75374.0,-342.429,70.03,0.0
75457.0,-340.055,70.113,0.0
75540.0,-339.697,70.19600000000001,0.0
75622.0,-339.697,70.278,0.0
75705.0,-340.503,70.361,0.0
75788.0,-340.996,70.444,0.0
75871.0,-341.264,70.527,0.0
75954.0,-341.712,70.61,0.0
76037.0,-342.07,70.69300000000001,0.0
76120.0,-341.846,70.77600000000001,0.0
76201.0,-341.846,70.857,0.0
76284.0,-342.473,70.94000000000001,0.0
76367.0,-343.28,71.02300000000001,0.0
76450.0,-344.22,71.10600000000001,0.0
76533.0,-345.34,71.18900000000001,0.0
76616.0,-346.235,71.272,0.0
76698.0,-346.235,71.354,0.0
76781.0,-345.788,71.43700000000001,0.0
76864.0,-344.847,71.52000000000001,0.0
76947.0,-343.727,71.60300000000001,0.0
77030.0,-341.488,71.686,0.0
77113.0,-337.726,71.769,0.0
77195.0,-325.097,71.851,0.0
77278.0,-258.322,71.93400000000001,0.0
77361.0,-153.211,72.01700000000001,0.0
77444.0,0.717,72.10000000000001,0.0070313680499999994
77527.0,63.461,72.183,0.62233981565
77609.0,63.461,72.265,0.62233981565
77692.0,93.915,72.348,0.9209915347500001
77774.0,150.3,72.43,1.4739394950000002
77857.0,144.477,72.513,1.41683537205
77940.0,66.282,72.596,0.6500043753
78023.0,42.994,72.679,0.4216271101
78106.0,117.203,72.762,1.14936879995
78189.0,206.908,72.845,2.0290743382
78271.0,100.498,72.927,0.9855487117
78354.0,0.896,73.01,0.0087867584
78437.0,-28.573,73.093,0.0
78520.0,42.725,73.176,0.41898912125000004
78603.0,13.256,73.259,0.1299969524
78686.0,-65.745,73.34200000000001,0.0
78768.0,-132.385,73.424,0.0
78851.0,-169.423,73.507,0.0
78934.0,-221.956,73.59,0.0
79016.0,-318.334,73.67200000000001,0.0
79099.0,-329.486,73.75500000000001,0.0
79182.0,-332.755,73.83800000000001,0.0
79264.0,-332.8,73.92,0.0
79347.0,-336.204,74.003,0.0
79430.0,-352.461,74.08600000000001,0.0
79513.0,-438.851,74.16900000000001,0.0
79596.0,-605.632,74.25200000000001,0.0
79679.0,-789.61,74.33500000000001,0.0
79761.0,-932.834,74.417,0.0
79844.0,-1045.155,74.5,0.0
79927.0,-1086.582,74.58300000000001,0.0
80010.0,-1132.442,74.66600000000001,0.0
80093.0,-1139.428,74.74900000000001,0.0
80176.0,-1165.359,74.83200000000001,0.0
80259.0,-1173.241,74.915,0.0
80340.0,-1173.241,74.99600000000001,0.0
80423.0,-1164.419,75.07900000000001,0.0
80506.0,-1159.806,75.162,0.0
80589.0,-1159.806,75.245,0.0
80672.0,-1156.94,75.328,0.0
80755.0,-1155.417,75.411,0.0
80837.0,-1160.657,75.49300000000001,0.0
80920.0,-1160.836,75.57600000000001,0.0
81003.0,-1159.582,75.659,0.0
81086.0,-1162.717,75.742,0.0
81169.0,-1162.941,75.825,0.0
81252.0,-1161.284,75.908,0.0
81334.0,-1156.626,75.99000000000001,0.0
81417.0,-1161.418,76.07300000000001,0.0
81500.0,-1154.924,76.156,0.0
81583.0,-1141.533,76.239,0.0
81666.0,-1132.845,76.322,0.0
81748.0,-1139.473,76.40400000000001,0.0
81830.0,-1142.743,76.486,0.0
81913.0,-1141.265,76.569,0.0
81996.0,-1148.654,76.652,0.0
82079.0,-1157.701,76.735,0.0
82162.0,-1161.284,76.81800000000001,0.0
82245.0,-1161.687,76.90100000000001,0.0
82327.0,-1159.895,76.983,0.0
82410.0,-1159.895,77.066,0.0
82493.0,-1163.389,77.149,0.0
82576.0,-1163.389,77.232,0.0
82659.0,-1163.389,77.31500000000001,0.0
82742.0,-1170.062,77.39800000000001,0.0
82825.0,-1164.956,77.48100000000001,0.0
82907.0,-1168.584,77.563,0.0
82990.0,-1169.614,77.646,0.0
83073.0,-1180.452,77.729,0.0
83155.0,-1181.303,77.811,0.0
83238.0,-1166.568,77.894,0.0
83321.0,-1165.494,77.977,0.0
83403.0,-1165.494,78.05900000000001,0.0
83486.0,-1165.807,78.14200000000001,0.0
83569.0,-1159.224,78.22500000000001,0.0
83652.0,-1162.269,78.308,0.0
83735.0,-1173.331,78.391,0.0
83818.0,-1179.78,78.474,0.0
83900.0,-1179.78,78.55600000000001,0.0
83983.0,-1181.572,78.63900000000001,0.0
84066.0,-1184.796,78.72200000000001,0.0
84149.0,-1193.887,78.805,0.0
84232.0,-1206.159,78.888,0.0
84315.0,-1212.876,78.971,0.0
84398.0,-1215.698,79.054,0.0
84480.0,-1215.698,79.13600000000001,0.0
84562.0,-1206.92,79.218,0.0
84645.0,-1178.437,79.301,0.0
84728.0,-1141.265,79.384,0.0
84811.0,-1048.738,79.46700000000001,0.0
84894.0,-904.529,79.55000000000001,0.0
84976.0,-763.724,79.632,0.0
85059.0,-615.619,79.715,0.0
85142.0,-509.164,79.798,0.0
85225.0,-419.28,79.881,0.0
85308.0,-136.998,79.96400000000001,0.0
85391.0,501.282,80.04700000000001,4.9158971253
85473.0,1097.017,80.129,10.758061763050002
85556.0,1148.923,80.212,11.26708573795
85639.0,1148.923,80.295,11.26708573795
85722.0,905.112,80.378,8.8761165948
85805.0,282.864,80.46100000000001,2.7739482455999998
85888.0,-313.139,80.54400000000001,0.0
85969.0,-405.442,80.625,0.0
86052.0,-407.636,80.70800000000001,0.0
86135.0,-408.845,80.79100000000001,0.0
86218.0,-410.055,80.87400000000001,0.0
86301.0,-411.129,80.95700000000001,0.0
86384.0,-411.129,81.04,0.0
86467.0,-410.861,81.123,0.0
86549.0,-410.458,81.20500000000001,0.0
86632.0,-410.323,81.28800000000001,0.0
86715.0,-409.875,81.37100000000001,0.0
86798.0,-409.875,81.45400000000001,0.0
86881.0,-410.278,81.537,0.0
86964.0,-410.637,81.62,0.0
87046.0,-411.219,81.70200000000001,0.0
87129.0,-411.936,81.78500000000001,0.0
87212.0,-412.383,81.86800000000001,0.0
87294.0,-412.339,81.95,0.0
87377.0,-412.562,82.033,0.0
87460.0,-412.428,82.116,0.0
87542.0,-412.428,82.19800000000001,0.0
87625.0,-412.518,82.281,0.0
87708.0,-412.607,82.364,0.0
87791.0,-413.1,82.447,0.0
87874.0,-413.234,82.53,0.0
87957.0,-413.548,82.613,0.0
88039.0,-413.682,82.69500000000001,0.0
88122.0,-413.951,82.778,0.0
88205.0,-414.578,82.861,0.0
88288.0,-415.115,82.944,0.0
88371.0,-415.697,83.027,0.0
88454.0,-415.921,83.11,0.0
88537.0,-416.101,83.19300000000001,0.0
88619.0,-416.996,83.275,0.0
88701.0,-418.026,83.357,0.0
88784.0,-419.325,83.44000000000001,0.0
88867.0,-420.803,83.52300000000001,0.0
88950.0,-421.699,83.60600000000001,0.0
89033.0,-422.55,83.68900000000001,0.0
89115.0,-422.729,83.771,0.0
89198.0,-423.132,83.854,0.0
89281.0,-423.624,83.93700000000001,0.0
89364.0,-423.804,84.02000000000001,0.0
89447.0,-424.207,84.10300000000001,0.0
89530.0,-424.655,84.186,0.0
89612.0,-425.013,84.268,0.0
89695.0,-425.371,84.351,0.0
89778.0,-425.505,84.43400000000001,0.0
89861.0,-426.177,84.51700000000001,0.0
89944.0,-427.073,84.60000000000001,0.0
90027.0,-428.103,84.683,0.0
90109.0,-429.133,84.765,0.0
90191.0,-429.894,84.84700000000001,0.0
90274.0,-430.566,84.93,0.0
90357.0,-431.193,85.013,0.0
90440.0,-432.134,85.096,0.0
90523.0,-433.209,85.179,0.0
90606.0,-434.418,85.262,0.0
90688.0,-435.672,85.34400000000001,0.0
90771.0,-436.926,85.427,0.0
90854.0,-437.956,85.51,0.0
90937.0,-438.717,85.593,0.0
91020.0,-439.389,85.676,0.0
91103.0,-439.926,85.759,0.0
91185.0,-439.926,85.84100000000001,0.0
91268.0,-440.195,85.924,0.0
91351.0,-440.509,86.007,0.0
91433.0,-441.18,86.08900000000001,0.0
91516.0,-441.763,86.17200000000001,0.0
91599.0,-443.017,86.25500000000001,0.0
91682.0,-445.166,86.33800000000001,0.0
91764.0,-446.644,86.42,0.0
91847.0,-448.301,86.503,0.0
91930.0,-449.197,86.58600000000001,0.0
92013.0,-450.093,86.66900000000001,0.0
92096.0,-450.809,86.75200000000001,0.0
92179.0,-452.063,86.83500000000001,0.0
92261.0,-453.048,86.917,0.0
92344.0,-453.317,87.0,0.0
92427.0,-453.586,87.08300000000001,0.0
92510.0,-453.81,87.16600000000001,0.0
92593.0,-454.168,87.24900000000001,0.0
92676.0,-454.705,87.33200000000001,0.0
92758.0,-455.377,87.414,0.0
92840.0,-456.094,87.49600000000001,0.0
92923.0,-456.497,87.57900000000001,0.0
93006.0,-457.124,87.662,0.0
93089.0,-457.885,87.745,0.0
93172.0,-458.602,87.828,0.0
93255.0,-459.229,87.911,0.0
93337.0,-459.587,87.99300000000001,0.0
93420.0,-459.856,88.07600000000001,0.0
93503.0,-460.035,88.159,0.0
93586.0,-460.662,88.242,0.0
93669.0,-461.513,88.325,0.0
93752.0,-462.588,88.408,0.0
93834.0,-463.528,88.49000000000001,0.0
