time_ms,mass_g
9805.0,-6.5969999999999995
9888.0,-6.92
9970.0,-7.058
10053.0,-7.0120000000000005
10136.0,-6.965999999999999
10219.0,-7.473
10301.0,-7.75
10384.0,-7.75
10467.0,-7.888
10550.0,-8.027
10633.0,-8.534
10715.0,-8.58
10798.0,-8.534
10881.0,-8.765
10963.0,-9.225999999999999
11045.0,-9.733
11128.0,-9.687
11211.0,-10.424999999999999
11294.0,-10.841
11376.0,-11.209999999999999
11459.0,-11.994
11542.0,-12.87
11625.0,-13.838999999999999
11707.0,-14.485
11790.0,-14.991999999999999
11873.0,-15.546
11956.0,-15.731
12039.0,-16.053
12121.0,-16.515
12204.0,-17.022000000000002
12286.0,-17.53
12369.0,-17.668
12451.0,-17.668
12534.0,-17.622
12617.0,-17.207
12700.0,-17.207
12782.0,-17.207
12865.0,-17.253
12948.0,-17.437
13031.0,-17.622
13113.0,-17.806
13196.0,-18.314
13279.0,-18.729
13362.0,-19.098
13445.0,-19.928
13527.0,-20.39
13609.0,-20.482
13692.0,-20.666999999999998
13775.0,-20.759
13857.0,-20.436
13940.0,-19.559
14023.0,-18.914
14106.0,-18.083000000000002
14188.0,-16.422
14271.0,-15.039
14354.0,-13.562
14437.0,-11.902
14520.0,-10.795
14602.0,-9.641
14685.0,-8.765
14768.0,-8.442
14851.0,-7.933999999999999
14932.0,-7.381
15015.0,-7.427
15098.0,-7.981
15181.0,-7.795999999999999
15263.0,-7.519
15346.0,-7.381
15429.0,-7.381
15512.0,-7.427
15594.0,-7.427
15677.0,-7.473
15760.0,-7.242
15843.0,-7.427
15926.0,-7.473
16008.0,-7.289
16091.0,-7.103999999999999
16174.0,-6.872999999999999
16257.0,-6.55
16338.0,-5.951
16421.0,-5.351
16504.0,-4.335999999999999
16587.0,-3.69
16669.0,-3.4139999999999997
16752.0,-3.1369999999999996
16835.0,-2.814
16918.0,-2.3529999999999998
17000.0,-1.891
17083.0,-1.7069999999999999
17166.0,-1.7069999999999999
17249.0,-1.3379999999999996
17332.0,-1.5679999999999996
17414.0,-1.5679999999999996
17497.0,-1.5679999999999996
17580.0,-1.3379999999999996
17662.0,-1.153
17744.0,-0.8299999999999996
17827.0,-0.5529999999999999
17910.0,0.4150000000000005
17993.0,1.4300000000000002
18075.0,2.214
18158.0,3.0450000000000004
18241.0,3.8750000000000004
18324.0,5.075000000000001
18406.0,6.32
18489.0,8.534
18572.0,10.333
18655.0,12.133
18738.0,14.254999999999999
18820.0,16.008
18903.0,17.853
18985.0,19.513
19068.0,21.451
19150.0,22.743000000000002
19233.0,24.265
19316.0,26.387
19399.0,28.048000000000002
19481.0,29.847
19564.0,31.877000000000002
19647.0,33.445
19730.0,34.875
19813.0,36.444
19895.0,37.32
19978.0,38.243
20061.0,38.519
20144.0,39.165
20226.0,39.165
20308.0,39.165
20391.0,38.704
20474.0,38.335
20557.0,37.781
20639.0,37.781
20722.0,38.058
20805.0,38.473
20888.0,39.027
20970.0,40.272
21053.0,40.734
21136.0,41.426
21219.0,42.118
21301.0,42.948
21384.0,44.009
21467.0,45.439
21550.0,46.777
21633.0,47.838
21714.0,48.576
21797.0,49.222
21880.0,50.237
21963.0,51.482
22045.0,53.189
22128.0,55.219
22211.0,56.833
22294.0,58.217
22376.0,58.863
22459.0,59.186
22542.0,59.463
22625.0,59.694
22708.0,59.601
22790.0,59.509
22873.0,59.555
22956.0,59.324
23038.0,58.955
23120.0,58.356
23203.0,57.756
23286.0,57.11
23369.0,56.188
23451.0,55.496
23534.0,54.711
23617.0,53.604
23700.0,52.405
23783.0,51.205
23865.0,49.868
23948.0,48.484
24031.0,47.238
24114.0,46.316
24196.0,45.393
24279.0,44.701
24361.0,43.455
24444.0,42.21
24526.0,41.149
24609.0,40.134
24692.0,39.996
24775.0,39.996
24858.0,40.18
24940.0,40.688
25023.0,41.287
25106.0,42.21
25189.0,44.839
25271.0,53.927
25354.0,75.332
25437.0,109.469
25520.0,153.293
25602.0,200.946
25684.0,241.126
25767.0,272.034
25850.0,293.90000000000003
25933.0,304.556
26015.0,307.97
26098.0,307.97
26181.0,305.663
26264.0,300.497
26346.0,298.19
26429.0,298.19
26512.0,302.711
26595.0,312.35200000000003
26677.0,325.961
26760.0,341.83
26843.0,357.053
26926.0,370.385
27009.0,382.195
27090.0,392.528
27173.0,405.26
27256.0,424.543
27339.0,445.21
27421.0,460.571
27504.0,468.782
27587.0,472.427
27670.0,476.625
27753.0,482.483
27835.0,494.201
27918.0,512.699
28001.0,533.689
28084.0,561.275
28166.0,601.04
28249.0,658.6569999999999
28332.0,728.453
28414.0,801.6629999999999
28496.0,869.0139999999999
28579.0,919.2969999999999
28662.0,954.7249999999999
28745.0,981.435
28828.0,1000.81
28910.0,1011.1899999999999
28993.0,1016.9559999999999
29076.0,1016.9559999999999
29159.0,1016.1719999999999
29241.0,1003.117
29324.0,982.035
29407.0,947.529
29490.0,891.111
29572.0,808.721
29655.0,687.212
29737.0,533.596
29820.0,376.01300000000003
29903.0,236.975
29985.0,144.52800000000002
30068.0,98.67399999999999
30151.0,79.714
30234.0,76.208
30316.0,75.93199999999999
30399.0,76.347
30482.0,77.223
30565.0,78.14599999999999
30647.0,78.976
30730.0,79.945
30813.0,81.78999999999999
30896.0,82.943
30979.0,84.097
31060.0,85.15799999999999
31143.0,86.08
31226.0,87.04899999999999
31309.0,87.695
31391.0,88.71
31474.0,89.494
31557.0,90.463
31640.0,91.06299999999999
31722.0,91.985
31805.0,95.999
31888.0,113.205
31971.0,150.756
32053.0,213.678
32136.0,304.28000000000003
32219.0,423.897
32302.0,561.644
32385.0,709.401
32466.0,862.8789999999999
32549.0,1015.434
32632.0,1164.8519999999999
32715.0,1300.846
32797.0,1411.514
32880.0,1484.493
32963.0,1528.732
33046.0,1544.97
33128.0,1544.97
33211.0,1524.903
33294.0,1446.527
33377.0,1296.417
33460.0,1100.084
33542.0,886.959
33625.0,671.02
33708.0,466.107
33790.0,302.988
33872.0,180.92600000000002
33955.0,116.89599999999999
34038.0,106.51599999999999
34121.0,106.51599999999999
34203.0,106.65499999999999
34286.0,106.65499999999999
34369.0,106.747
34452.0,106.378
34535.0,105.963
34617.0,105.13199999999999
34700.0,103.887
34783.0,102.68799999999999
34866.0,100.93499999999999
34948.0,99.18199999999999
35031.0,97.79799999999999
35113.0,96.598
35196.0,95.67599999999999
35278.0,94.845
35361.0,93.92299999999999
35444.0,93.369
35527.0,92.862
35609.0,92.862
35692.0,93.0
35775.0,93.55399999999999
35858.0,94.06099999999999
35941.0,94.984
36023.0,96.41399999999999
36106.0,107.16199999999999
36189.0,137.424
36272.0,203.622
36354.0,321.533
36436.0,490.04900000000004
36519.0,701.098
36602.0,944.53
36684.0,1201.48
36767.0,1458.29
36850.0,1712.426
36933.0,1951.245
37016.0,2175.0260000000003
37098.0,2399.8680000000004
37181.0,2636.4280000000003
37264.0,2897.8050000000003
37347.0,3153.924
37429.0,3394.266
37512.0,3601.163
37595.0,3738.264
37678.0,3839.5220000000004
37760.0,3913.8390000000004
37842.0,3968.827
37925.0,4024.184
38008.0,4085.353
38091.0,4159.9929999999995
38173.0,4228.3589999999995
38256.0,4270.799999999999
38339.0,4288.883
38422.0,4288.883
38504.0,4267.432
38587.0,4211.844
38670.0,4145.599999999999
38753.0,4064.179
38835.0,3981.8810000000003
38918.0,3920.8500000000004
39001.0,3887.3590000000004
39084.0,3866.831
39165.0,3817.9320000000002
39248.0,3731.806
39331.0,3620.261
39414.0,3497.599
39497.0,3410.827
39579.0,3379.32
39662.0,3379.32
39745.0,3401.6470000000004
39828.0,3489.757
39910.0,3633.224
39993.0,3806.077
40076.0,3974.27
40159.0,4125.764
40241.0,4262.865
40324.0,4375.932
40407.0,4475.897
40489.0,4554.688999999999
40571.0,4611.245
40654.0,4694.143
40737.0,4825.477
40820.0,5005.942
40903.0,5167.63
40985.0,5215.422
41068.0,5215.422
41151.0,5095.527999999999
41234.0,4757.896
41316.0,4126.317
41399.0,3223.951
41482.0,2211.5620000000004
41565.0,1261.68
41647.0,589.415
41730.0,252.428
41812.0,133.687
41895.0,115.097
41977.0,114.128
42060.0,112.92899999999999
42143.0,112.006
42226.0,111.17599999999999
42309.0,110.29899999999999
42391.0,109.92999999999999
42474.0,109.65299999999999
42557.0,109.469
42640.0,109.238
42722.0,109.238
42805.0,115.189
42888.0,168.655
42971.0,291.64
43053.0,476.76300000000003
43136.0,693.947
43218.0,894.155
43301.0,1052.338
43384.0,1186.164
43466.0,1337.3809999999999
43549.0,1521.1209999999999
43632.0,1749.9759999999999
43715.0,2002.0349999999999
43797.0,2250.8650000000002
43880.0,2477.737
43963.0,2666.505
44046.0,2820.121
44128.0,2936.186
44211.0,3031.723
44294.0,3113.237
44377.0,3184.3700000000003
44460.0,3230.132
44541.0,3232.762
44624.0,3232.762
44707.0,3211.6800000000003
44790.0,3145.021
44872.0,2953.5310000000004
44955.0,2504.2160000000003
45038.0,1812.53
45121.0,1081.6309999999999
45203.0,482.16
45286.0,162.79600000000002
45369.0,88.756
45452.0,84.05099999999999
45534.0,83.22
45617.0,82.621
45700.0,81.744
45783.0,81.14399999999999
45865.0,80.68299999999999
45947.0,80.222
46030.0,80.222
46113.0,80.452
46196.0,80.591
46278.0,80.868
46361.0,81.329
46444.0,81.975
46527.0,82.621
46609.0,83.22
46692.0,83.54299999999999
46775.0,83.866
46858.0,84.097
46941.0,84.097
47023.0,83.63499999999999
47106.0,81.92899999999999
47188.0,79.80699999999999
47271.0,77.40799999999999
47353.0,75.47
47436.0,74.455
47519.0,74.03999999999999
47602.0,73.67099999999999
47684.0,73.16399999999999
47767.0,73.16399999999999
47850.0,73.579
47933.0,74.455
48016.0,75.378
48098.0,76.66999999999999
48181.0,77.592
48264.0,78.746
48347.0,79.622
48429.0,81.78999999999999
48512.0,83.728
48594.0,85.15799999999999
48677.0,87.095
48759.0,88.66399999999999
48842.0,90.27799999999999
48925.0,92.216
49008.0,94.06099999999999
49091.0,95.30699999999999
49173.0,96.41399999999999
49256.0,97.42899999999999
49339.0,98.628
49422.0,102.17999999999999
49504.0,106.609
49587.0,146.973
49670.0,298.00600000000003
49753.0,602.3779999999999
49835.0,1041.359
49917.0,1559.732
50000.0,2076.121
50083.0,2523.407
50166.0,2918.5640000000003
50248.0,3264.9610000000002
50331.0,3557.9390000000003
50414.0,3832.694
50497.0,4082.9080000000004
50579.0,4322.235
50662.0,4567.19
50745.0,4812.33
50828.0,5069.094999999999
50910.0,5308.606
50993.0,5488.563
51076.0,5603.567
51159.0,5603.567
51241.0,5596.831999999999
51323.0,5413.692999999999
51406.0,4985.275
51489.0,4224.4839999999995
51572.0,3152.309
51654.0,1997.9759999999999
51737.0,1035.085
51820.0,406.183
51903.0,135.994
51986.0,85.52699999999999
52068.0,83.03599999999999
52151.0,82.15899999999999
52234.0,81.237
52317.0,80.17599999999999
52399.0,79.06899999999999
52482.0,78.33
52564.0,77.26899999999999
52647.0,75.88499999999999
52729.0,74.54799999999999
52812.0,73.118
52895.0,72.42599999999999
52978.0,71.964
53061.0,71.41099999999999
53143.0,70.90299999999999
53226.0,69.981
53309.0,69.335
53392.0,68.689
53474.0,67.81299999999999
53557.0,67.351
53640.0,67.213
53723.0,66.89
53805.0,66.89
53888.0,67.30499999999999
53970.0,67.859
54053.0,68.458
54136.0,69.51899999999999
54218.0,71.134
54301.0,73.76299999999999
54384.0,76.66999999999999
54467.0,79.02199999999999
54549.0,80.729
54632.0,81.836
54715.0,82.252
54798.0,82.99
54880.0,83.728
54963.0,84.604
55046.0,85.52699999999999
55129.0,86.496
55212.0,87.326
55293.0,87.326
55376.0,87.14099999999999
55459.0,86.67999999999999
55542.0,85.89599999999999
55624.0,85.25
55707.0,85.06599999999999
55790.0,84.78899999999999
55873.0,84.64999999999999
55955.0,84.327
56038.0,83.728
56121.0,82.99
56204.0,82.759
56287.0,82.574
56369.0,81.836
56452.0,81.28299999999999
56535.0,81.375
56617.0,81.006
56699.0,79.853
56782.0,79.115
56865.0,78.746
56948.0,78.238
57030.0,77.91499999999999
57113.0,77.223
57196.0,76.577
57279.0,75.747
57362.0,74.77799999999999
57444.0,74.27099999999999
57527.0,73.76299999999999
57610.0,73.256
